{
  "id": "3480609",
  "name": "知hu",
  "font_family": "iconfont",
  "css_prefix_text": "icon-",
  "description": "",
  "glyphs": [
    {
      "icon_id": "10056245",
      "name": "取消",
      "font_class": "quxiao",
      "unicode": "e709",
      "unicode_decimal": 59145
    },
    {
      "icon_id": "1727523",
      "name": "304错误、关闭、取消",
      "font_class": "cuowuguanbiquxiao",
      "unicode": "e8e7",
      "unicode_decimal": 59623
    },
    {
      "icon_id": "6399660",
      "name": "换一换",
      "font_class": "weibiaoti--",
      "unicode": "e612",
      "unicode_decimal": 58898
    },
    {
      "icon_id": "14733",
      "name": "向上",
      "font_class": "xiangshang",
      "unicode": "e601",
      "unicode_decimal": 58881
    },
    {
      "icon_id": "1297",
      "name": "向下",
      "font_class": "xiangxia",
      "unicode": "e600",
      "unicode_decimal": 58880
    },
    {
      "icon_id": "11372693",
      "name": "删除",
      "font_class": "shanchu",
      "unicode": "e8b6",
      "unicode_decimal": 59574
    },
    {
      "icon_id": "5835471",
      "name": "评论",
      "font_class": "pinglun",
      "unicode": "e60f",
      "unicode_decimal": 58895
    },
    {
      "icon_id": "11372701",
      "name": "收藏",
      "font_class": "shoucang",
      "unicode": "e8b9",
      "unicode_decimal": 59577
    },
    {
      "icon_id": "18171163",
      "name": "转发,流转,旋转",
      "font_class": "loop-full",
      "unicode": "ea1d",
      "unicode_decimal": 59933
    },
    {
      "icon_id": "18435461",
      "name": "鼓掌",
      "font_class": "guzhang",
      "unicode": "e62c",
      "unicode_decimal": 58924
    },
    {
      "icon_id": "887909",
      "name": "关注 (1)",
      "font_class": "guanzhu1",
      "unicode": "e61d",
      "unicode_decimal": 58909
    },
    {
      "icon_id": "11488209",
      "name": "vip",
      "font_class": "vip",
      "unicode": "e773",
      "unicode_decimal": 59251
    },
    {
      "icon_id": "629357",
      "name": "搜索",
      "font_class": "sousuo",
      "unicode": "e651",
      "unicode_decimal": 58961
    },
    {
      "icon_id": "5667979",
      "name": "消息",
      "font_class": "xiaoxi",
      "unicode": "e62f",
      "unicode_decimal": 58927
    }
  ]
}
